{"cameraMode":{"drawMode":0,"name":"Shaded","section":"Shading Mode"},"sceneLighting":false,"audioPlay":false,"sceneViewState":{"showFog":true,"showMaterialUpdate":false,"showSkybox":true,"showFlares":true,"showImageEffects":true,"showParticleSystems":true},"in2DMode":false,"pivot":{"x":2.2740440368652345,"y":-2.896470308303833,"z":3.415964365005493},"rotation":{"x":0.12295190244913101,"y":0.6238994598388672,"z":-0.10024366527795792,"w":0.7652342319488525},"size":12.27572250366211,"orthographic":false}