{"cameraMode":{"drawMode":0,"name":"Shaded","section":"Shading Mode"},"sceneLighting":false,"audioPlay":false,"sceneViewState":{"showFog":true,"showMaterialUpdate":false,"showSkybox":true,"showFlares":true,"showImageEffects":true,"showParticleSystems":true},"in2DMode":false,"pivot":{"x":1.0020363330841065,"y":-2.4359397888183595,"z":2.011176347732544},"rotation":{"x":0.206294447183609,"y":0.6469178199768066,"z":-0.18806463479995728,"w":0.7096278071403503},"size":7.378574848175049,"orthographic":false}