{"cameraMode":{"drawMode":0,"name":"Shaded","section":"Shading Mode"},"sceneLighting":false,"audioPlay":false,"sceneViewState":{"showFog":true,"showMaterialUpdate":false,"showSkybox":true,"showFlares":true,"showImageEffects":true,"showParticleSystems":true},"in2DMode":false,"pivot":{"x":-5.900000095367432,"y":-0.37000006437301638,"z":7.119140625},"rotation":{"x":0.09526166319847107,"y":-0.009253744967281819,"z":0.0008853544131852686,"w":0.9954088926315308},"size":4.041658878326416,"orthographic":false}