{"cameraMode":{"drawMode":0,"name":"Shaded","section":"Shading Mode"},"sceneLighting":false,"audioPlay":false,"sceneViewState":{"showFog":true,"showMaterialUpdate":false,"showSkybox":true,"showFlares":true,"showImageEffects":true,"showParticleSystems":true},"in2DMode":false,"pivot":{"x":-5.4352593421936039,"y":-1.2295401096343995,"z":1.1384696960449219},"rotation":{"x":0.11368817090988159,"y":-0.2360662817955017,"z":0.027820473536849023,"w":0.964662492275238},"size":5.715769290924072,"orthographic":false}