{"cameraMode":{"drawMode":0,"name":"Shaded","section":"Shading Mode"},"sceneLighting":false,"audioPlay":false,"sceneViewState":{"showFog":true,"showMaterialUpdate":false,"showSkybox":true,"showFlares":true,"showImageEffects":true,"showParticleSystems":true},"in2DMode":false,"pivot":{"x":-1.2200000286102296,"y":-0.658596396446228,"z":4.76837158203125e-7},"rotation":{"x":0.25470855832099917,"y":-0.4082840085029602,"z":0.11975478380918503,"w":0.8683815598487854},"size":4.467150688171387,"orthographic":false}