{"cameraMode":{"drawMode":0,"name":"Shaded","section":"Shading Mode"},"sceneLighting":false,"audioPlay":false,"sceneViewState":{"showFog":true,"showMaterialUpdate":false,"showSkybox":true,"showFlares":true,"showImageEffects":true,"showParticleSystems":true},"in2DMode":false,"pivot":{"x":-2.0002431869506838,"y":-6.4858574867248539,"z":4.461620807647705},"rotation":{"x":0.25470855832099917,"y":-0.4082840085029602,"z":0.11975478380918503,"w":0.8683815598487854},"size":12.226978302001954,"orthographic":false}