{"cameraMode":{"drawMode":0,"name":"Shaded","section":"Shading Mode"},"sceneLighting":false,"audioPlay":false,"sceneViewState":{"showFog":true,"showMaterialUpdate":false,"showSkybox":true,"showFlares":true,"showImageEffects":true,"showParticleSystems":true},"in2DMode":false,"pivot":{"x":-0.6167786121368408,"y":-1.8581712245941163,"z":4.76837158203125e-7},"rotation":{"x":0.25470855832099917,"y":-0.4082840085029602,"z":0.11975478380918503,"w":0.8683815598487854},"size":6.165132999420166,"orthographic":false}